[{"pk": 1, "fields": {"app_label": "admin", "model": "logentry"}, "model": "contenttypes.contenttype"}, {"pk": 2, "fields": {"app_label": "auth", "model": "permission"}, "model": "contenttypes.contenttype"}, {"pk": 3, "fields": {"app_label": "auth", "model": "group"}, "model": "contenttypes.contenttype"}, {"pk": 4, "fields": {"app_label": "auth", "model": "user"}, "model": "contenttypes.contenttype"}, {"pk": 5, "fields": {"app_label": "contenttypes", "model": "contenttype"}, "model": "contenttypes.contenttype"}, {"pk": 6, "fields": {"app_label": "sessions", "model": "session"}, "model": "contenttypes.contenttype"}, {"pk": 7, "fields": {"app_label": "word", "model": "word"}, "model": "contenttypes.contenttype"}, {"pk": 8, "fields": {"app_label": "word", "model": "question"}, "model": "contenttypes.contenttype"}, {"pk": 9, "fields": {"app_label": "lesson", "model": "course"}, "model": "contenttypes.contenttype"}, {"pk": 10, "fields": {"app_label": "lesson", "model": "lesson"}, "model": "contenttypes.contenttype"}, {"pk": 11, "fields": {"app_label": "lesson", "model": "lessonuser"}, "model": "contenttypes.contenttype"}, {"pk": 12, "fields": {"app_label": "exam", "model": "exam"}, "model": "contenttypes.contenttype"}, {"pk": 13, "fields": {"app_label": "exam", "model": "answer"}, "model": "contenttypes.contenttype"}, {"pk": 14, "fields": {"app_label": "word", "model": "language"}, "model": "contenttypes.contenttype"}, {"pk": "b4xatthn0jj0x7lw8zcd0fxnxjeko2or", "fields": {"session_data": "ZmMzMjViMjc1Mzg1MzY0OGVkNTE3ZGQwNzY1MzA5MDhjZGIxMTllZDp7Il9hdXRoX3VzZXJfaGFzaCI6ImY5MmFlMWI1NTNjZDZlYmI0YmMwYWE0ZDU3NDgwYjJhZmMxNzg2Y2MiLCJjb3Vyc2VfaWQiOjEsIl9hdXRoX3VzZXJfaWQiOiIxIiwiX2F1dGhfdXNlcl9iYWNrZW5kIjoiZGphbmdvLmNvbnRyaWIuYXV0aC5iYWNrZW5kcy5Nb2RlbEJhY2tlbmQifQ==", "expire_date": "2015-10-30T06:27:54.132Z"}, "model": "sessions.session"}, {"pk": 1, "fields": {"name": "English"}, "model": "word.language"}, {"pk": 2, "fields": {"name": "Japanese"}, "model": "word.language"}, {"pk": 3, "fields": {"name": "Chinese"}, "model": "word.language"}, {"pk": 4, "fields": {"name": "French"}, "model": "word.language"}, {"pk": 4, "fields": {"word": 1, "answer": "H\u1ecd ", "check": false}, "model": "word.question"}, {"pk": 6, "fields": {"word": 1, "answer": "T\u00ean", "check": true}, "model": "word.question"}, {"pk": 8, "fields": {"word": 2, "answer": "fdsafdsfafda", "check": false}, "model": "word.question"}, {"pk": 9, "fields": {"word": 2, "answer": "B\u1ea1n ", "check": true}, "model": "word.question"}, {"pk": 10, "fields": {"word": 2, "answer": "T\u00f4i ", "check": false}, "model": "word.question"}, {"pk": 13, "fields": {"word": 1, "answer": "Tao", "check": false}, "model": "word.question"}, {"pk": 14, "fields": {"word": 3, "answer": "T\u00f4i", "check": true}, "model": "word.question"}, {"pk": 15, "fields": {"word": 3, "answer": "asdadsd\u00e0df", "check": false}, "model": "word.question"}, {"pk": 16, "fields": {"word": 3, "answer": "f\u00e0asfasf", "check": false}, "model": "word.question"}, {"pk": 17, "fields": {"word": 4, "answer": "Oto", "check": true}, "model": "word.question"}, {"pk": 18, "fields": {"word": 4, "answer": "sddfsgdsgdfg", "check": false}, "model": "word.question"}, {"pk": 19, "fields": {"word": 4, "answer": "sdfgsfdgfdsg", "check": false}, "model": "word.question"}, {"pk": 20, "fields": {"word": 6, "answer": "fgdfgsdgsdgfdsg", "check": false}, "model": "word.question"}, {"pk": 21, "fields": {"word": 6, "answer": "dfgsdgdsfgg", "check": false}, "model": "word.question"}, {"pk": 23, "fields": {"word": 6, "answer": "\u0110I\u1ec7n tho\u1ea1i", "check": true}, "model": "word.question"}, {"pk": 24, "fields": {"word": 7, "answer": "dfgdsgfsdgfdsg", "check": false}, "model": "word.question"}, {"pk": 25, "fields": {"word": 7, "answer": "Chu\u1ed9t ", "check": true}, "model": "word.question"}, {"pk": 26, "fields": {"word": 7, "answer": "gffdgsdfgfdsgsdgf", "check": false}, "model": "word.question"}, {"pk": 27, "fields": {"word": 8, "answer": "Y\u00eau th\u01b0\u01a1ng ", "check": true}, "model": "word.question"}, {"pk": 28, "fields": {"word": 8, "answer": "sfdgsdgsdfgfd", "check": false}, "model": "word.question"}, {"pk": 29, "fields": {"word": 8, "answer": "sfdgfsgdsfgf", "check": false}, "model": "word.question"}, {"pk": 30, "fields": {"word": 11, "answer": "dsds\u1ea7dsafdasf", "check": false}, "model": "word.question"}, {"pk": 32, "fields": {"word": 11, "answer": "Facebook", "check": true}, "model": "word.question"}, {"pk": 33, "fields": {"word": 11, "answer": "dfafaf\u00e2f", "check": false}, "model": "word.question"}, {"pk": 34, "fields": {"word": 13, "answer": "s\u00e1ch", "check": true}, "model": "word.question"}, {"pk": 35, "fields": {"word": 13, "answer": "adfaaaaa", "check": false}, "model": "word.question"}, {"pk": 36, "fields": {"word": 13, "answer": "qqqqqqqqqqqqqq", "check": false}, "model": "word.question"}, {"pk": 37, "fields": {"word": 17, "answer": "None", "check": true}, "model": "word.question"}, {"pk": 38, "fields": {"word": 17, "answer": "quyet", "check": false}, "model": "word.question"}, {"pk": 39, "fields": {"word": 17, "answer": "dfgsgfssg", "check": false}, "model": "word.question"}, {"pk": 40, "fields": {"word": 14, "answer": "Giao vi\u00ean", "check": true}, "model": "word.question"}, {"pk": 41, "fields": {"word": 14, "answer": "sdfdsfsdfsadf", "check": false}, "model": "word.question"}, {"pk": 42, "fields": {"word": 14, "answer": "adfasdfasdf", "check": false}, "model": "word.question"}, {"pk": 44, "fields": {"word": 19, "answer": "Nh\u1eadt ", "check": true}, "model": "word.question"}, {"pk": 45, "fields": {"word": 19, "answer": "anh ", "check": false}, "model": "word.question"}, {"pk": 46, "fields": {"word": 19, "answer": "m\u1ef9", "check": false}, "model": "word.question"}, {"pk": 1, "fields": {"name": "H\u1ecdc ti\u1ebfng anh  c\u01a1 b\u1ea3n ( Ph\u1ea7n 1 )", "language": 1, "content": "C\u00e1c t\u1eeb v\u1ef1ng c\u01a1 b\u1ea3n trong ti\u1ebfng anh 1 C\u00e1c t\u1eeb v\u1ef1ng c\u01a1 b\u1ea3n trong ti\u1ebfng anh 1C\u00e1c t\u1eeb v\u1ef1ng c\u01a1 b\u1ea3n trong ti\u1ebfng anh 1C\u00e1c t\u1eeb v\u1ef1ng c\u01a1 b\u1ea3n trong ti\u1ebfng anh 1C\u00e1c t\u1eeb v\u1ef1ng c\u01a1 b\u1ea3n trong ti\u1ebfng anh 1C\u00e1c t\u1eeb v\u1ef1ng c\u01a1 b\u1ea3n trong ti\u1ebfng anh 1C\u00e1c t\u1eeb v\u1ef1ng c\u01a1 b\u1ea3n trong ti\u1ebfng anh 1C\u00e1c t\u1eeb v\u1ef1ng c\u01a1 b\u1ea3n trong ti\u1ebfng anh 1C\u00e1c t\u1eeb v\u1ef1ng c\u01a1 b\u1ea3n trong ti\u1ebfng anh 1C\u00e1c t\u1eeb v\u1ef1ng c\u01a1 b\u1ea3n trong ti\u1ebfng anh 1"}, "model": "lesson.course"}, {"pk": 2, "fields": {"name": "H\u1ecdc ti\u1ebfng anh  c\u01a1 b\u1ea3n ( Ph\u1ea7n 2 )", "language": 1, "content": "C\u00e1c t\u1eeb v\u1ef1ng c\u01a1 b\u1ea3n trong ti\u1ebfng anh 2"}, "model": "lesson.course"}, {"pk": 3, "fields": {"name": "H\u1ecdc ti\u1ebfng anh  c\u01a1 b\u1ea3n ( Ph\u1ea7n 3 )", "language": 1, "content": "C\u00e1c t\u1eeb v\u1ef1ng c\u01a1 b\u1ea3n trong ti\u1ebfng anh 3"}, "model": "lesson.course"}, {"pk": 4, "fields": {"name": "H\u1ecdc ti\u1ebfng anh  c\u01a1 b\u1ea3n ( Ph\u1ea7n 4 )", "language": 1, "content": "C\u00e1c t\u1eeb v\u1ef1ng c\u01a1 b\u1ea3n trong ti\u1ebfng anh 4"}, "model": "lesson.course"}, {"pk": 5, "fields": {"name": "H\u1ecdc ti\u1ebfng anh  c\u01a1 b\u1ea3n ( Ph\u1ea7n 5 )", "language": 1, "content": "C\u00e1c t\u1eeb v\u1ef1ng c\u01a1 b\u1ea3n trong ti\u1ebfng anh 5"}, "model": "lesson.course"}, {"pk": 6, "fields": {"name": "Ti\u1ebfng nh\u1eadt c\u01a1 b\u1ea3n ph\u1ea7n 1", "language": 2, "content": "20 t\u1eeb v\u1ef1ng ti\u1ebfng nh\u1eadt "}, "model": "lesson.course"}, {"pk": 7, "fields": {"name": "Ti\u1ebfng nh\u1eadt c\u01a1 b\u1ea3n ph\u1ea7n 2", "language": 2, "content": "20 t\u1eeb v\u1ef1ng ti\u1ebfng nh\u1eadt II"}, "model": "lesson.course"}, {"pk": 8, "fields": {"name": "Ti\u1ebfng nh\u1eadt c\u01a1 b\u1ea3n ph\u1ea7n 3", "language": 2, "content": "20 t\u1eeb v\u1ef1ng ti\u1ebfng nh\u1eadt III"}, "model": "lesson.course"}, {"pk": 9, "fields": {"name": "Ti\u1ebfng phap c\u01a1 b\u1ea3n ph\u1ea7n 1", "language": 4, "content": "20 t\u1eeb v\u1ef1ng c\u01a1 b\u1ea3n"}, "model": "lesson.course"}, {"pk": 10, "fields": {"name": "Ti\u1ebfng phap c\u01a1 b\u1ea3n ph\u1ea7n 2", "language": 4, "content": "20 t\u1eeb v\u1ef1ng ti\u1ebfng phap II"}, "model": "lesson.course"}, {"pk": 11, "fields": {"name": "Ti\u1ebfng phap c\u01a1 b\u1ea3n ph\u1ea7n 3", "language": 4, "content": "20 t\u1eeb v\u1ef1ng ti\u1ebfng phap III"}, "model": "lesson.course"}, {"pk": 12, "fields": {"name": "Ti\u1ebfng trung c\u01a1 b\u1ea3n ph\u1ea7n 1", "language": 3, "content": "20 t\u1eeb v\u1ef1ng c\u01a1 b\u1ea3n"}, "model": "lesson.course"}, {"pk": 13, "fields": {"name": "Ti\u1ebfng trung c\u01a1 b\u1ea3n ph\u1ea7n 2", "language": 3, "content": "20 t\u1eeb v\u1ef1ng trung nh\u1eadt II"}, "model": "lesson.course"}, {"pk": 14, "fields": {"name": "Ti\u1ebfng trung c\u01a1 b\u1ea3n ph\u1ea7n 3", "language": 3, "content": "20 t\u1eeb v\u1ef1ng trung nh\u1eadt II"}, "model": "lesson.course"}, {"pk": 15, "fields": {"name": "Ti\u1ebfng trung c\u01a1 b\u1ea3n ph\u1ea7n 4", "language": 3, "content": "20 t\u1eeb v\u1ef1ng ti\u1ebfng trung IV"}, "model": "lesson.course"}, {"pk": 16, "fields": {"name": "Ti\u1ebfng phap c\u01a1 b\u1ea3n ph\u1ea7n 4", "language": 4, "content": "20 t\u1eeb v\u1ef1ng ti\u1ebfng phap IV"}, "model": "lesson.course"}, {"pk": 17, "fields": {"name": "Ti\u1ebfng nh\u1eadt c\u01a1 b\u1ea3n ph\u1ea7n 4", "language": 2, "content": "20 t\u1eeb v\u1ef1ng ti\u1ebfng nh\u1eadt IV"}, "model": "lesson.course"}, {"pk": 1, "fields": {"create_at": "2015-10-09", "name": "Lesson 1", "course": 1, "word": [1, 2, 3, 4, 6, 7, 8, 11, 13, 17], "content": "20 t\u1eeb v\u1ef1ng c\u01a1 b\u1ea3n", "status": true}, "model": "lesson.lesson"}, {"pk": 2, "fields": {"create_at": "2015-10-09", "name": "Lesson 2", "course": 1, "word": [1, 3, 4, 6, 8, 10, 12, 14, 15, 16], "content": "20 t\u1eeb v\u1ef1ng c\u01a1 b\u1ea3n ( phan 2 )", "status": true}, "model": "lesson.lesson"}, {"pk": 3, "fields": {"create_at": "2015-10-09", "name": "Lesson 3", "course": 1, "word": [2, 3, 4, 6, 7, 8, 11, 13, 14, 17], "content": "20 t\u1eeb v\u1ef1ng c\u01a1 b\u1ea3n ( Ph\u1ea7n 3 )", "status": true}, "model": "lesson.lesson"}, {"pk": 4, "fields": {"create_at": "2015-10-13", "name": "Lesson 1 (2)", "course": 2, "word": [3, 5, 7, 8, 10, 11, 13, 14, 15, 17], "content": "20 t\u1eeb v\u1ef1ng c\u01a1 b\u1ea3n ( phan 2 )", "status": false}, "model": "lesson.lesson"}, {"pk": 5, "fields": {"create_at": "2015-10-13", "name": "Lesson 2 (2)", "course": 2, "word": [], "content": "20 t\u1eeb v\u1ef1ng c\u01a1 b\u1ea3n", "status": false}, "model": "lesson.lesson"}, {"pk": 6, "fields": {"create_at": "2015-10-13", "name": "Lesson 1 (3)", "course": 3, "word": [], "content": "20 t\u1eeb v\u1ef1ng c\u01a1 b\u1ea3n", "status": false}, "model": "lesson.lesson"}, {"pk": 7, "fields": {"create_at": "2015-10-13", "name": "Lesson 2 (3)", "course": 3, "word": [], "content": "20 t\u1eeb v\u1ef1ng c\u01a1 b\u1ea3n", "status": false}, "model": "lesson.lesson"}, {"pk": 8, "fields": {"create_at": "2015-10-13", "name": "Lesson 1 ( Japan 1)", "course": 6, "word": [], "content": "ti\u1ebfng nh\u1eadt", "status": false}, "model": "lesson.lesson"}, {"pk": 11, "fields": {"date": "2015-10-15T08:03:28.856Z", "lesson_user": 1, "point": 9}, "model": "exam.exam"}, {"pk": 58, "fields": {"question": 6, "exam": 11}, "model": "exam.answer"}, {"pk": 59, "fields": {"question": 10, "exam": 11}, "model": "exam.answer"}, {"pk": 60, "fields": {"question": 14, "exam": 11}, "model": "exam.answer"}, {"pk": 61, "fields": {"question": 17, "exam": 11}, "model": "exam.answer"}, {"pk": 62, "fields": {"question": 23, "exam": 11}, "model": "exam.answer"}, {"pk": 63, "fields": {"question": 25, "exam": 11}, "model": "exam.answer"}, {"pk": 64, "fields": {"question": 27, "exam": 11}, "model": "exam.answer"}, {"pk": 65, "fields": {"question": 32, "exam": 11}, "model": "exam.answer"}, {"pk": 66, "fields": {"question": 34, "exam": 11}, "model": "exam.answer"}, {"pk": 67, "fields": {"question": 37, "exam": 11}, "model": "exam.answer"}, {"pk": 1, "fields": {"codename": "add_logentry", "content_type": 1, "name": "Can add log entry"}, "model": "auth.permission"}, {"pk": 2, "fields": {"codename": "change_logentry", "content_type": 1, "name": "Can change log entry"}, "model": "auth.permission"}, {"pk": 3, "fields": {"codename": "delete_logentry", "content_type": 1, "name": "Can delete log entry"}, "model": "auth.permission"}, {"pk": 4, "fields": {"codename": "add_permission", "content_type": 2, "name": "Can add permission"}, "model": "auth.permission"}, {"pk": 5, "fields": {"codename": "change_permission", "content_type": 2, "name": "Can change permission"}, "model": "auth.permission"}, {"pk": 6, "fields": {"codename": "delete_permission", "content_type": 2, "name": "Can delete permission"}, "model": "auth.permission"}, {"pk": 7, "fields": {"codename": "add_group", "content_type": 3, "name": "Can add group"}, "model": "auth.permission"}, {"pk": 8, "fields": {"codename": "change_group", "content_type": 3, "name": "Can change group"}, "model": "auth.permission"}, {"pk": 9, "fields": {"codename": "delete_group", "content_type": 3, "name": "Can delete group"}, "model": "auth.permission"}, {"pk": 10, "fields": {"codename": "add_user", "content_type": 4, "name": "Can add user"}, "model": "auth.permission"}, {"pk": 11, "fields": {"codename": "change_user", "content_type": 4, "name": "Can change user"}, "model": "auth.permission"}, {"pk": 12, "fields": {"codename": "delete_user", "content_type": 4, "name": "Can delete user"}, "model": "auth.permission"}, {"pk": 13, "fields": {"codename": "add_contenttype", "content_type": 5, "name": "Can add content type"}, "model": "auth.permission"}, {"pk": 14, "fields": {"codename": "change_contenttype", "content_type": 5, "name": "Can change content type"}, "model": "auth.permission"}, {"pk": 15, "fields": {"codename": "delete_contenttype", "content_type": 5, "name": "Can delete content type"}, "model": "auth.permission"}, {"pk": 16, "fields": {"codename": "add_session", "content_type": 6, "name": "Can add session"}, "model": "auth.permission"}, {"pk": 17, "fields": {"codename": "change_session", "content_type": 6, "name": "Can change session"}, "model": "auth.permission"}, {"pk": 18, "fields": {"codename": "delete_session", "content_type": 6, "name": "Can delete session"}, "model": "auth.permission"}, {"pk": 19, "fields": {"codename": "add_word", "content_type": 7, "name": "Can add word"}, "model": "auth.permission"}, {"pk": 20, "fields": {"codename": "change_word", "content_type": 7, "name": "Can change word"}, "model": "auth.permission"}, {"pk": 21, "fields": {"codename": "delete_word", "content_type": 7, "name": "Can delete word"}, "model": "auth.permission"}, {"pk": 22, "fields": {"codename": "add_question", "content_type": 8, "name": "Can add question"}, "model": "auth.permission"}, {"pk": 23, "fields": {"codename": "change_question", "content_type": 8, "name": "Can change question"}, "model": "auth.permission"}, {"pk": 24, "fields": {"codename": "delete_question", "content_type": 8, "name": "Can delete question"}, "model": "auth.permission"}, {"pk": 25, "fields": {"codename": "add_course", "content_type": 9, "name": "Can add course"}, "model": "auth.permission"}, {"pk": 26, "fields": {"codename": "change_course", "content_type": 9, "name": "Can change course"}, "model": "auth.permission"}, {"pk": 27, "fields": {"codename": "delete_course", "content_type": 9, "name": "Can delete course"}, "model": "auth.permission"}, {"pk": 28, "fields": {"codename": "add_lesson", "content_type": 10, "name": "Can add lesson"}, "model": "auth.permission"}, {"pk": 29, "fields": {"codename": "change_lesson", "content_type": 10, "name": "Can change lesson"}, "model": "auth.permission"}, {"pk": 30, "fields": {"codename": "delete_lesson", "content_type": 10, "name": "Can delete lesson"}, "model": "auth.permission"}, {"pk": 31, "fields": {"codename": "add_lessonuser", "content_type": 11, "name": "Can add lesson user"}, "model": "auth.permission"}, {"pk": 32, "fields": {"codename": "change_lessonuser", "content_type": 11, "name": "Can change lesson user"}, "model": "auth.permission"}, {"pk": 33, "fields": {"codename": "delete_lessonuser", "content_type": 11, "name": "Can delete lesson user"}, "model": "auth.permission"}, {"pk": 34, "fields": {"codename": "add_exam", "content_type": 12, "name": "Can add exam"}, "model": "auth.permission"}, {"pk": 35, "fields": {"codename": "change_exam", "content_type": 12, "name": "Can change exam"}, "model": "auth.permission"}, {"pk": 36, "fields": {"codename": "delete_exam", "content_type": 12, "name": "Can delete exam"}, "model": "auth.permission"}, {"pk": 37, "fields": {"codename": "add_answer", "content_type": 13, "name": "Can add answer"}, "model": "auth.permission"}, {"pk": 38, "fields": {"codename": "change_answer", "content_type": 13, "name": "Can change answer"}, "model": "auth.permission"}, {"pk": 39, "fields": {"codename": "delete_answer", "content_type": 13, "name": "Can delete answer"}, "model": "auth.permission"}, {"pk": 40, "fields": {"codename": "add_language", "content_type": 14, "name": "Can add language"}, "model": "auth.permission"}, {"pk": 41, "fields": {"codename": "change_language", "content_type": 14, "name": "Can change language"}, "model": "auth.permission"}, {"pk": 42, "fields": {"codename": "delete_language", "content_type": 14, "name": "Can delete language"}, "model": "auth.permission"}, {"pk": 1, "fields": {"date_joined": "2015-10-08T07:39:58.103Z", "user_permissions": [], "is_superuser": false, "username": "123", "last_login": "2015-10-15T09:13:20.201Z", "is_active": true, "last_name": "Huy Quy\u1ebft ", "password": "pbkdf2_sha256$20000$9ta6h8LzLLhA$EZjHVs8+8vlms87M/aY0C8JsRJ7jz+N7PPOfbIbmcgg=", "groups": [], "is_staff": true, "first_name": "Nguy\u1ec5n", "email": "nguyen.huy.quyet@framgia.com"}, "model": "auth.user"}, {"pk": 2, "fields": {"date_joined": "2015-10-08T07:43:20.391Z", "user_permissions": [], "is_superuser": false, "username": "thu", "last_login": "2015-10-08T07:59:01.423Z", "is_active": true, "last_name": "", "password": "pbkdf2_sha256$20000$kP5s2HSV8XZd$yLm8GuIsazEOjlYPc8cEd4absyKCETQVOD98cUKX1Mo=", "groups": [], "is_staff": true, "first_name": "", "email": ""}, "model": "auth.user"}, {"pk": 3, "fields": {"date_joined": "2015-10-13T03:07:21.529Z", "user_permissions": [], "is_superuser": false, "username": "trang", "last_login": "2015-10-15T08:27:53.748Z", "is_active": true, "last_name": "Th\u1ecb Thu Trang", "password": "pbkdf2_sha256$20000$F39RfTSfhjeo$zWEYD4QbRHobHOuMEtu0W3Bn20NLVfQMC2U+LYYS0k8=", "groups": [], "is_staff": false, "first_name": "Nguy\u1ec5n", "email": "tranngyb_232@gmail.com"}, "model": "auth.user"}, {"pk": 1, "fields": {"name": "Name", "user": [1], "language": 1, "description": "Gi\u1ea3i th\u00edch t\u1eeb v\u00e0 c\u00e1ch s\u1eed d\u1ee5ng t\u1eeb trong c\u00e1c ng\u1eef c\u1ea3nh kh\u00e1c nhau Gi\u1ea3i th\u00edch t\u1eeb v\u00e0 c\u00e1ch s\u1eed d\u1ee5ng t\u1eeb trong c\u00e1c ng\u1eef c\u1ea3nh kh\u00e1c nhau Gi\u1ea3i th\u00edch t\u1eeb v\u00e0 c\u00e1ch s\u1eed d\u1ee5ng t\u1eeb trong c\u00e1c ng\u1eef c\u1ea3nh kh\u00e1c nhau", "meaning": "T\u00ean "}, "model": "word.word"}, {"pk": 2, "fields": {"name": "you", "user": [], "language": 1, "description": "Gi\u1ea3i th\u00edch t\u1eeb v\u00e0 c\u00e1ch s\u1eed d\u1ee5ng t\u1eeb trong c\u00e1c ng\u1eef c\u1ea3nh kh\u00e1c nhau Gi\u1ea3i th\u00edch t\u1eeb v\u00e0 c\u00e1ch s\u1eed d\u1ee5ng t\u1eeb trong c\u00e1c ng\u1eef c\u1ea3nh kh\u00e1c nhau Gi\u1ea3i th\u00edch t\u1eeb v\u00e0 c\u00e1ch s\u1eed d\u1ee5ng t\u1eeb trong c\u00e1c ng\u1eef c\u1ea3nh kh\u00e1c nhau", "meaning": "b\u1ea1n "}, "model": "word.word"}, {"pk": 3, "fields": {"name": "I", "user": [1], "language": 1, "description": "Gi\u1ea3i th\u00edch t\u1eeb v\u00e0 c\u00e1ch s\u1eed d\u1ee5ng t\u1eeb trong c\u00e1c ng\u1eef c\u1ea3nh kh\u00e1c nhau Gi\u1ea3i th\u00edch t\u1eeb v\u00e0 c\u00e1ch s\u1eed d\u1ee5ng t\u1eeb trong c\u00e1c ng\u1eef c\u1ea3nh kh\u00e1c nhau Gi\u1ea3i th\u00edch t\u1eeb v\u00e0 c\u00e1ch s\u1eed d\u1ee5ng t\u1eeb trong c\u00e1c ng\u1eef c\u1ea3nh kh\u00e1c nhau", "meaning": "T\u00f4i "}, "model": "word.word"}, {"pk": 4, "fields": {"name": "Car ", "user": [1], "language": 1, "description": "Gi\u1ea3i th\u00edch t\u1eeb v\u00e0 c\u00e1ch s\u1eed d\u1ee5ng t\u1eeb trong c\u00e1c ng\u1eef c\u1ea3nh kh\u00e1c nhau Gi\u1ea3i th\u00edch t\u1eeb v\u00e0 c\u00e1ch s\u1eed d\u1ee5ng t\u1eeb trong c\u00e1c ng\u1eef c\u1ea3nh kh\u00e1c nhau Gi\u1ea3i th\u00edch t\u1eeb v\u00e0 c\u00e1ch s\u1eed d\u1ee5ng t\u1eeb trong c\u00e1c ng\u1eef c\u1ea3nh kh\u00e1c nhau", "meaning": "\u00d4 t\u00f4"}, "model": "word.word"}, {"pk": 5, "fields": {"name": "Computer", "user": [], "language": 1, "description": "Gi\u1ea3i th\u00edch t\u1eeb v\u00e0 c\u00e1ch s\u1eed d\u1ee5ng t\u1eeb trong c\u00e1c ng\u1eef c\u1ea3nh kh\u00e1c nhau Gi\u1ea3i th\u00edch t\u1eeb v\u00e0 c\u00e1ch s\u1eed d\u1ee5ng t\u1eeb trong c\u00e1c ng\u1eef c\u1ea3nh kh\u00e1c nhau Gi\u1ea3i th\u00edch t\u1eeb v\u00e0 c\u00e1ch s\u1eed d\u1ee5ng t\u1eeb trong c\u00e1c ng\u1eef c\u1ea3nh kh\u00e1c nhau", "meaning": "M\u00e1y vinh t\u00ednh "}, "model": "word.word"}, {"pk": 6, "fields": {"name": "Phone", "user": [1], "language": 1, "description": "Gi\u1ea3i th\u00edch t\u1eeb v\u00e0 c\u00e1ch s\u1eed d\u1ee5ng t\u1eeb trong c\u00e1c ng\u1eef c\u1ea3nh kh\u00e1c nhau Gi\u1ea3i th\u00edch t\u1eeb v\u00e0 c\u00e1ch s\u1eed d\u1ee5ng t\u1eeb trong c\u00e1c ng\u1eef c\u1ea3nh kh\u00e1c nhau Gi\u1ea3i th\u00edch t\u1eeb v\u00e0 c\u00e1ch s\u1eed d\u1ee5ng t\u1eeb trong c\u00e1c ng\u1eef c\u1ea3nh kh\u00e1c nhau", "meaning": "\u0110i\u1ec7n tho\u1ea1i "}, "model": "word.word"}, {"pk": 7, "fields": {"name": "Mouse", "user": [1], "language": 1, "description": "Gi\u1ea3i th\u00edch t\u1eeb v\u00e0 c\u00e1ch s\u1eed d\u1ee5ng t\u1eeb trong c\u00e1c ng\u1eef c\u1ea3nh kh\u00e1c nhau Gi\u1ea3i th\u00edch t\u1eeb v\u00e0 c\u00e1ch s\u1eed d\u1ee5ng t\u1eeb trong c\u00e1c ng\u1eef c\u1ea3nh kh\u00e1c nhau Gi\u1ea3i th\u00edch t\u1eeb v\u00e0 c\u00e1ch s\u1eed d\u1ee5ng t\u1eeb trong c\u00e1c ng\u1eef c\u1ea3nh kh\u00e1c nhau", "meaning": "Chu\u1ed9t "}, "model": "word.word"}, {"pk": 8, "fields": {"name": "love", "user": [1], "language": 1, "description": "Gi\u1ea3i th\u00edch t\u1eeb v\u00e0 c\u00e1ch s\u1eed d\u1ee5ng t\u1eeb trong c\u00e1c ng\u1eef c\u1ea3nh kh\u00e1c nhau Gi\u1ea3i th\u00edch t\u1eeb v\u00e0 c\u00e1ch s\u1eed d\u1ee5ng t\u1eeb trong c\u00e1c ng\u1eef c\u1ea3nh kh\u00e1c nhau Gi\u1ea3i th\u00edch t\u1eeb v\u00e0 c\u00e1ch s\u1eed d\u1ee5ng t\u1eeb trong c\u00e1c ng\u1eef c\u1ea3nh kh\u00e1c nhau", "meaning": "Y\u00eau th\u01b0\u01a1ng "}, "model": "word.word"}, {"pk": 9, "fields": {"name": "Course", "user": [], "language": 1, "description": "Gi\u1ea3i th\u00edch t\u1eeb v\u00e0 c\u00e1ch s\u1eed d\u1ee5ng t\u1eeb trong c\u00e1c ng\u1eef c\u1ea3nh kh\u00e1c nhau Gi\u1ea3i th\u00edch t\u1eeb v\u00e0 c\u00e1ch s\u1eed d\u1ee5ng t\u1eeb trong c\u00e1c ng\u1eef c\u1ea3nh kh\u00e1c nhau Gi\u1ea3i th\u00edch t\u1eeb v\u00e0 c\u00e1ch s\u1eed d\u1ee5ng t\u1eeb trong c\u00e1c ng\u1eef c\u1ea3nh kh\u00e1c nhau", "meaning": "Kh\u00f3a h\u1ecdc "}, "model": "word.word"}, {"pk": 10, "fields": {"name": "Word", "user": [], "language": 1, "description": "Gi\u1ea3i th\u00edch t\u1eeb v\u00e0 c\u00e1ch s\u1eed d\u1ee5ng t\u1eeb trong c\u00e1c ng\u1eef c\u1ea3nh kh\u00e1c nhau Gi\u1ea3i th\u00edch t\u1eeb v\u00e0 c\u00e1ch s\u1eed d\u1ee5ng t\u1eeb trong c\u00e1c ng\u1eef c\u1ea3nh kh\u00e1c nhau Gi\u1ea3i th\u00edch t\u1eeb v\u00e0 c\u00e1ch s\u1eed d\u1ee5ng t\u1eeb trong c\u00e1c ng\u1eef c\u1ea3nh kh\u00e1c nhau", "meaning": "T\u1eeb "}, "model": "word.word"}, {"pk": 11, "fields": {"name": "Facebook", "user": [1], "language": 1, "description": "Gi\u1ea3i th\u00edch t\u1eeb v\u00e0 c\u00e1ch s\u1eed d\u1ee5ng t\u1eeb trong c\u00e1c ng\u1eef c\u1ea3nh kh\u00e1c nhau Gi\u1ea3i th\u00edch t\u1eeb v\u00e0 c\u00e1ch s\u1eed d\u1ee5ng t\u1eeb trong c\u00e1c ng\u1eef c\u1ea3nh kh\u00e1c nhau Gi\u1ea3i th\u00edch t\u1eeb v\u00e0 c\u00e1ch s\u1eed d\u1ee5ng t\u1eeb trong c\u00e1c ng\u1eef c\u1ea3nh kh\u00e1c nhau", "meaning": "facebook"}, "model": "word.word"}, {"pk": 12, "fields": {"name": "use", "user": [], "language": 1, "description": "Gi\u1ea3i th\u00edch t\u1eeb v\u00e0 c\u00e1ch s\u1eed d\u1ee5ng t\u1eeb trong c\u00e1c ng\u1eef c\u1ea3nh kh\u00e1c nhau Gi\u1ea3i th\u00edch t\u1eeb v\u00e0 c\u00e1ch s\u1eed d\u1ee5ng t\u1eeb trong c\u00e1c ng\u1eef c\u1ea3nh kh\u00e1c nhau Gi\u1ea3i th\u00edch t\u1eeb v\u00e0 c\u00e1ch s\u1eed d\u1ee5ng t\u1eeb trong c\u00e1c ng\u1eef c\u1ea3nh kh\u00e1c nhau", "meaning": "S\u1eed d\u1ee5ng "}, "model": "word.word"}, {"pk": 13, "fields": {"name": "book", "user": [1], "language": 1, "description": "Gi\u1ea3i th\u00edch t\u1eeb v\u00e0 c\u00e1ch s\u1eed d\u1ee5ng t\u1eeb trong c\u00e1c ng\u1eef c\u1ea3nh kh\u00e1c nhau Gi\u1ea3i th\u00edch t\u1eeb v\u00e0 c\u00e1ch s\u1eed d\u1ee5ng t\u1eeb trong c\u00e1c ng\u1eef c\u1ea3nh kh\u00e1c nhau Gi\u1ea3i th\u00edch t\u1eeb v\u00e0 c\u00e1ch s\u1eed d\u1ee5ng t\u1eeb trong c\u00e1c ng\u1eef c\u1ea3nh kh\u00e1c nhau", "meaning": "s\u00e1ch "}, "model": "word.word"}, {"pk": 14, "fields": {"name": "teacher", "user": [], "language": 1, "description": "Gi\u1ea3i th\u00edch t\u1eeb v\u00e0 c\u00e1ch s\u1eed d\u1ee5ng t\u1eeb trong c\u00e1c ng\u1eef c\u1ea3nh kh\u00e1c nhau Gi\u1ea3i th\u00edch t\u1eeb v\u00e0 c\u00e1ch s\u1eed d\u1ee5ng t\u1eeb trong c\u00e1c ng\u1eef c\u1ea3nh kh\u00e1c nhau Gi\u1ea3i th\u00edch t\u1eeb v\u00e0 c\u00e1ch s\u1eed d\u1ee5ng t\u1eeb trong c\u00e1c ng\u1eef c\u1ea3nh kh\u00e1c nhau", "meaning": "giao vi\u00ean "}, "model": "word.word"}, {"pk": 15, "fields": {"name": "Create", "user": [], "language": 1, "description": "Gi\u1ea3i th\u00edch t\u1eeb v\u00e0 c\u00e1ch s\u1eed d\u1ee5ng t\u1eeb trong c\u00e1c ng\u1eef c\u1ea3nh kh\u00e1c nhau Gi\u1ea3i th\u00edch t\u1eeb v\u00e0 c\u00e1ch s\u1eed d\u1ee5ng t\u1eeb trong c\u00e1c ng\u1eef c\u1ea3nh kh\u00e1c nhau Gi\u1ea3i th\u00edch t\u1eeb v\u00e0 c\u00e1ch s\u1eed d\u1ee5ng t\u1eeb trong c\u00e1c ng\u1eef c\u1ea3nh kh\u00e1c nhau", "meaning": "T\u1ea1o m\u1edbi "}, "model": "word.word"}, {"pk": 16, "fields": {"name": "Perfect", "user": [], "language": 1, "description": "Gi\u1ea3i th\u00edch t\u1eeb v\u00e0 c\u00e1ch s\u1eed d\u1ee5ng t\u1eeb trong c\u00e1c ng\u1eef c\u1ea3nh kh\u00e1c nhau Gi\u1ea3i th\u00edch t\u1eeb v\u00e0 c\u00e1ch s\u1eed d\u1ee5ng t\u1eeb trong c\u00e1c ng\u1eef c\u1ea3nh kh\u00e1c nhau Gi\u1ea3i th\u00edch t\u1eeb v\u00e0 c\u00e1ch s\u1eed d\u1ee5ng t\u1eeb trong c\u00e1c ng\u1eef c\u1ea3nh kh\u00e1c nhau", "meaning": "Ho\u00e0n h\u1ea3o "}, "model": "word.word"}, {"pk": 17, "fields": {"name": "None", "user": [1], "language": 1, "description": "Gi\u1ea3i th\u00edch t\u1eeb v\u00e0 c\u00e1ch s\u1eed d\u1ee5ng t\u1eeb trong c\u00e1c ng\u1eef c\u1ea3nh kh\u00e1c nhau Gi\u1ea3i th\u00edch t\u1eeb v\u00e0 c\u00e1ch s\u1eed d\u1ee5ng t\u1eeb trong c\u00e1c ng\u1eef c\u1ea3nh kh\u00e1c nhau Gi\u1ea3i th\u00edch t\u1eeb v\u00e0 c\u00e1ch s\u1eed d\u1ee5ng t\u1eeb trong c\u00e1c ng\u1eef c\u1ea3nh kh\u00e1c nhau", "meaning": "None"}, "model": "word.word"}, {"pk": 19, "fields": {"name": "Japan", "user": [], "language": 2, "description": "Ng\u00f4n ng\u1eef ti\u1ebfng nh\u1eadt ", "meaning": "Nh\u1eadt"}, "model": "word.word"}, {"pk": 1, "fields": {"lesson": 1, "user": 1, "status": true}, "model": "lesson.lessonuser"}, {"pk": 2, "fields": {"lesson": 2, "user": 1, "status": true}, "model": "lesson.lessonuser"}]